baseMean,log2FoldChange,lfcSE,stat,pvalue,padj,genus,variable,robust,n_eff
4231.25838249848,4.7404829555094,0.6077032416348,43.015910338163,5.42965037929344e-11,3.05146351316292e-08,Shewanella,height,TRUE,6
4231.25838249848,4.72127096726753,0.628510086905263,38.7951222193093,4.70702609196186e-10,1.32267433184128e-07,Shewanella,no_leaves,TRUE,6
35.7985969548826,3.11380812648902,0.586805038713011,31.5695203619983,1.92426278891275e-08,3.60478562456322e-06,Janthinobacterium,height,TRUE,6
35.7985969548826,3.07377370513803,0.601907744868963,29.2136703092983,6.48202577039407e-08,9.10724620740367e-06,Janthinobacterium,no_leaves,TRUE,6
39.8569572443968,-6.32052020720694,1.17834321868745,25.0028594049356,5.7245354891761e-07,6.43437788983394e-05,Cellvibrio,inoculate,TRUE,6
117.314226691138,6.36090363248896,1.14586740112899,19.0709014921241,1.25950702648087e-05,0.00117973824813708,Annamia,inoculate,TRUE,6
226.731829405111,6.25979438550407,1.12812509638721,18.3418306803397,1.84608865963975e-05,0.00148214546673934,Crinalium,inoculate,TRUE,6
283.349643260781,4.7355312202556,0.946608922523183,17.4333789382187,2.97554654343599e-05,0.00209032144676378,Rahnella,inoculate,TRUE,6
13.9999824748696,-4.5499814623752,1.11857931852866,15.874571418683,6.76820138896615e-05,0.00422636575622109,Planctopirus,inoculate,TRUE,6
117.314226691138,3.30813225062366,0.650157550601371,14.758249047961,0.000122211680094552,0.00566077898838099,Annamia,no_leaves,TRUE,6
39.8569572443968,-3.02022374501349,0.672944167255246,14.5835373684862,0.000134080801467296,0.00566077898838099,Cellvibrio,no_leaves,TRUE,6
22.5075946303132,2.55760981522347,0.566861348180702,14.4885262714917,0.000141015846685648,0.00566077898838099,Planococcus,height,TRUE,6
46.0401276146476,5.21176744244384,1.13885941896761,14.5714283511478,0.00013494520847258,0.00566077898838099,Hormoscilla,inoculate,TRUE,6
22.5075946303132,4.47222491894506,1.03710246460953,14.7469020075802,0.00012294937764187,0.00566077898838099,Planococcus,inoculate,TRUE,6
22.5075946303132,2.56215228849139,0.578068181295341,13.6928225900204,0.000215275663399079,0.00756155767689266,Planococcus,no_leaves,TRUE,6
22.7335791308699,2.00617932948715,0.520084534094129,13.8035453979687,0.000202952883991873,0.00756155767689266,Lactobacillus,height,TRUE,6
19.0510827728571,4.10304943172615,1.03191011597103,12.9711351037739,0.000316330179860849,0.0104575035930469,Chlorogloeopsis,inoculate,TRUE,6
46.0401276146476,2.86611626231018,0.634599351675314,12.7046430316624,0.000364748807698931,0.0107156743333679,Hormoscilla,no_leaves,TRUE,6
22.7335791308699,1.97218971390335,0.532129529703818,12.5302895293592,0.000400407759787769,0.0107156743333679,Lactobacillus,no_leaves,TRUE,6
117.314226691138,2.94012781267338,0.651386949971815,12.6869361848874,0.000368219110890792,0.0107156743333679,Annamia,height,TRUE,6
46.0401276146476,2.75927043832787,0.625971528423801,12.5882492569256,0.000388179591065246,0.0107156743333679,Hormoscilla,height,TRUE,6
226.731829405111,3.04490231550204,0.658583630096083,12.3509667022599,0.000440758182218236,0.0108951518182965,Crinalium,no_leaves,TRUE,6
46.492785402215,4.7298827810288,1.13422776800202,12.3293694564837,0.000445886996122456,0.0108951518182965,Spiroplasma,inoculate,TRUE,6
255.191292621021,4.64540356682847,1.10109743902816,12.1577279467911,0.000488848910054772,0.0109893234980313,Caldora,inoculate,TRUE,6
12.8987963520879,4.10263244816687,1.07570050880363,12.2232536229269,0.000471975512297985,0.0109893234980313,Foliisarcina,inoculate,TRUE,6
95.7882717874852,4.64254372041909,1.12730827459609,11.7402643067597,0.000611623371816916,0.013220474421581,Cyanobacterium,inoculate,TRUE,6
20.3673082516095,-3.44876977124623,0.956142442055133,11.48513580396,0.00070155000656528,0.0146026334699884,Dechloromonas,inoculate,TRUE,6
22.7335791308699,3.59631495983067,0.974224852704416,11.3252457923332,0.000764604058603926,0.0153466957476931,Lactobacillus,inoculate,TRUE,6
703.684566714483,-2.17398144341998,0.547585343916124,10.5391089552586,0.00116874752921562,0.0193187091593876,Rheinheimera,no_leaves,TRUE,6
46.492785402215,2.61608659406135,0.634792794742702,10.7036507608303,0.00106924335179585,0.0193187091593876,Spiroplasma,no_leaves,TRUE,6
226.731829405111,2.69767491755381,0.661635686811532,10.6328267966739,0.00111097762558621,0.0193187091593876,Crinalium,height,TRUE,6
46.492785402215,2.52083024025683,0.628149931703205,10.5550668333506,0.00115870023103164,0.0193187091593876,Spiroplasma,height,TRUE,6
788.030218448041,4.25639586430827,1.094573050392,10.6994369088306,0.00107168147420599,0.0193187091593876,Anabaena,inoculate,TRUE,6
34.4162913944656,-3.64021637725438,1.01523433950973,10.5613026298795,0.0011547978748755,0.0193187091593876,Chryseolinea,inoculate,TRUE,6
703.684566714483,-2.1244151549861,0.549067523673124,10.0865339998012,0.00149356772893075,0.0239824303902594,Rheinheimera,height,TRUE,6
76.1550396924435,-1.70389650484781,0.484583949480626,10.0048909183476,0.00156125038480559,0.0243728532294651,Chthoniobacter,no_leaves,TRUE,6
255.191292621021,2.48024370917616,0.630985732620523,9.80763403558968,0.00173788941767698,0.0258315099910658,Caldora,no_leaves,TRUE,6
255.191292621021,2.40059511326159,0.625777046196984,9.79842439663696,0.00174661455455605,0.0258315099910658,Caldora,height,TRUE,6
13.9999824748696,-2.2566867120129,0.65072531707317,9.62798231814692,0.00191635017313392,0.0274418835606265,Planctopirus,no_leaves,TRUE,6
165.673591728097,3.72164405053297,1.04880706312499,9.59304380535215,0.00195315897228658,0.0274418835606265,Dolichospermum,inoculate,TRUE,6
34.0138762957662,-2.67491634255191,0.826742186734196,9.45927146232498,0.00210084496101854,0.0287969480022542,Terrimonas,inoculate,TRUE,6
20.3673082516095,-1.96597355643902,0.576029758443089,9.38403072514817,0.00218883752470374,0.0292887306877025,Dechloromonas,no_leaves,TRUE,6
19.0510827728571,2.08979077291877,0.589364537442441,8.93191252381745,0.00280230760434496,0.0320066259999375,Chlorogloeopsis,no_leaves,TRUE,6
95.7882717874852,2.4220556189813,0.643355997236679,9.05910741351347,0.00261389548422732,0.0320066259999375,Cyanobacterium,no_leaves,TRUE,6
12.8987963520879,2.20775600471827,0.598646029596075,9.0279535847162,0.00265881968064792,0.0320066259999375,Foliisarcina,no_leaves,TRUE,6
19.4456875044855,3.65386598386424,1.09838731610347,8.93016089400771,0.00280499636096985,0.0320066259999375,Chroococcidiopsis,inoculate,TRUE,6
76.1550396924435,-2.78725375927742,0.870353147075742,8.90265413326804,0.00284756459074177,0.0320066259999375,Chthoniobacter,inoculate,TRUE,6
54.3375094691997,3.23465059009709,0.977452254596751,9.0175479894224,0.0026739986642864,0.0320066259999375,Crocosphaera,inoculate,TRUE,6
171.759262328038,-2.54215797880493,0.796087547250987,8.99311159751439,0.00270999167860411,0.0320066259999375,Marimicrobium,inoculate,TRUE,6
28.1661747097457,-3.10944621953529,0.957745816724464,9.1539704118938,0.00248178978224854,0.0320066259999375,Ohtaekwangia,inoculate,TRUE,6
95.7882717874852,2.32418367540283,0.639399935461614,8.84137207238682,0.00294477676131525,0.0324502850952779,Cyanobacterium,height,TRUE,6
1481.53938272525,-2.74281820215495,0.85595652097404,8.790962255263,0.00302726526992991,0.0327177515711656,Arenimonas,inoculate,TRUE,6
18.7387968445186,2.69681552542203,0.86474059584528,8.70469148810098,0.00317392127601731,0.0336555425872024,Yersinia,inoculate,TRUE,6
788.030218448041,2.26764600108697,0.62387355636829,8.65950150657416,0.00325360293351536,0.0338615712710302,Anabaena,no_leaves,TRUE,6
9.15865333985855,-1.44357558326238,0.519889699135505,8.52383987763955,0.00350524121747114,0.0347879337670262,Jidaibacter,no_leaves,TRUE,6
788.030218448041,2.18522428399657,0.620015812593272,8.55157181227575,0.0034522401265313,0.0347879337670262,Anabaena,height,TRUE,6
344.09480466152,1.49125234601318,0.560254194992536,8.51190058862154,0.00352831356711831,0.0347879337670262,Chryseobacterium,height,TRUE,6
19.0510827728571,1.98774272723771,0.585150991039245,8.45588387246794,0.00363864378683166,0.0348990292922244,Chlorogloeopsis,height,TRUE,6
76.1550396924435,-1.62318544972723,0.496657640948544,8.41995657285126,0.00371124657643268,0.0348990292922244,Chthoniobacter,height,TRUE,6
9.15865333985855,-2.77983044147245,0.947470108262866,8.41280430068171,0.00372587501340474,0.0348990292922244,Jidaibacter,inoculate,TRUE,6
203.281414423088,2.06656335877548,0.597731907185397,8.29687778857485,0.00397132952480176,0.0357399492191215,Synechocystis,no_leaves,TRUE,6
20.3673082516095,-1.89488210552034,0.581293163854008,8.23973237751481,0.00409831748265768,0.0357399492191215,Dechloromonas,height,TRUE,6
9.15865333985855,-1.40908245493426,0.518669480287043,8.2718670040088,0.00402640808800937,0.0357399492191215,Jidaibacter,height,TRUE,6
203.281414423088,2.01142839021883,0.59343468437884,8.33586176942512,0.00388700353847674,0.0357399492191215,Synechocystis,height,TRUE,6
25.7732046462629,-2.35597641262208,0.793295905785036,8.22416412683752,0.00413362402000515,0.0357399492191215,Halioglobus,inoculate,TRUE,6
1481.53938272525,-1.49097572511112,0.476241045656057,8.06183592469348,0.00452073519409893,0.0383807690073971,Arenimonas,no_leaves,TRUE,6
54.3375094691997,1.75677159413039,0.544923023717249,7.90276589468659,0.00493592654137094,0.0383807690073971,Crocosphaera,height,TRUE,6
12.8987963520879,2.0266269134891,0.591243744629747,7.99119496415294,0.00470053810011137,0.0383807690073971,Foliisarcina,height,TRUE,6
23.8044809412766,1.9244602436035,0.59538971831848,7.90994330136755,0.00491638104552489,0.0383807690073971,Microseira,height,TRUE,6
13.9999824748696,-2.06921870439989,0.645147215742185,7.88472625169044,0.00498540237996439,0.0383807690073971,Planctopirus,height,TRUE,6
104.870269308641,-2.28041768704607,0.771672552342821,7.90531358513181,0.0049289796296045,0.0383807690073971,Chromatocurvus,inoculate,TRUE,6
28.3752061675646,3.28544970610066,1.05312931573683,7.9762133863611,0.00473959766351939,0.0383807690073971,Cylindrospermopsis,inoculate,TRUE,6
241.085370681789,3.3899438734558,1.06588371703612,7.94385032744083,0.00482510619032626,0.0383807690073971,Neosynechococcus,inoculate,TRUE,6
106.879811790726,2.90849284622059,0.952774829026685,7.85219144805728,0.00507591424727473,0.0385495109049783,Microcystis,inoculate,TRUE,6
344.09480466152,1.44195650222776,0.569505748441048,7.76610351563818,0.00532357629731562,0.0393664457775182,Chryseobacterium,no_leaves,TRUE,6
54.3375094691997,1.7880560480391,0.549368994333787,7.76815878995077,0.00531752235238748,0.0393664457775182,Crocosphaera,no_leaves,TRUE,6
153.992766776164,1.7208519310517,0.547365499724663,7.67842099280497,0.00558850464131751,0.0407888260833824,Chlorogloea,height,TRUE,6
171.759262328038,-1.4398552635693,0.463076438157133,7.63370737762851,0.0057287426459025,0.0412763252179129,Marimicrobium,no_leaves,TRUE,6
165.673591728097,1.93868296415719,0.597789259074233,7.58192679945932,0.00589563882205164,0.0419411268100382,Dolichospermum,height,TRUE,6
153.992766776164,1.74201352136747,0.551498000910852,7.46775819349668,0.00628137203215551,0.043581865210758,Chlorogloea,no_leaves,TRUE,6
15.0823245866795,1.93830301120768,0.618098853572622,7.48823016309439,0.00621035642025187,0.043581865210758,Sandaracinobacter,height,TRUE,6
23.8044809412766,1.92057430338452,0.603662737227076,7.4338521138035,0.00640081790186688,0.0438690202542584,Microseira,no_leaves,TRUE,6
165.673591728097,1.96018256138126,0.603223989944284,7.37634138737352,0.00660874784968255,0.0442156701371618,Dolichospermum,no_leaves,TRUE,6
3173.11201995915,1.09787226593209,0.416822564890912,7.38533454890191,0.00657578372800221,0.0442156701371618,Aeromonas,height,TRUE,6
15.0823245866795,3.37276053245515,1.13005683268032,7.31173832485855,0.00685056257285051,0.0452943078346116,Sandaracinobacter,inoculate,TRUE,6
39.8975914567596,-1.60847169796682,0.544564587662593,7.27066525879361,0.00700898382227448,0.0458028942804449,Udaeobacter,no_leaves,TRUE,6
104.870269308641,-1.32732209503348,0.442713619305873,7.07963874780891,0.00779647264081363,0.0496006099189932,Chromatocurvus,no_leaves,TRUE,6
56.5308171765514,-1.42420671494418,0.48854634266563,7.02213542620522,0.00805081608328278,0.0496006099189932,Mycobacterium,no_leaves,TRUE,6
1481.53938272525,-1.44085083058904,0.483794437873143,7.04901374188376,0.00793089069964928,0.0496006099189932,Arenimonas,height,TRUE,6
68.0974152618488,1.7063084926816,0.572480838397428,7.02060459182458,0.00805770191226625,0.0496006099189932,Chrysosporum,height,TRUE,6
163.090119397572,2.86890967941768,0.989398082654528,7.05545757922727,0.00790241214374987,0.0496006099189932,Aphanizomenon,inoculate,TRUE,6
703.684566714483,-3.01684353094217,1.0315389629754,7.00688734055851,0.008119672798127,0.0496006099189932,Rheinheimera,inoculate,TRUE,6
21.7388835851883,1.9377886415824,0.63023578231453,6.92498618024379,0.00849996493166662,0.0508485586280385,Cephalothrix,height,TRUE,6
28.3752061675646,1.77137331084968,0.588771481644094,6.92394415390429,0.00850491905878223,0.0508485586280385,Cylindrospermopsis,height,TRUE,6
37.5336802711345,-1.33530538022106,0.485282371185374,6.86342301519319,0.0087977854506548,0.0515037023257083,Terrimicrobium,no_leaves,TRUE,6
59.4985401686094,1.52693962338904,0.523892855071539,6.87349113970653,0.00874835857411686,0.0515037023257083,Ferruginibacter,height,TRUE,6
241.085370681789,1.81862460426114,0.602608018205101,6.7730674531079,0.00925436416230684,0.0536180686517159,Neosynechococcus,height,TRUE,6
21.7388835851883,1.95767977495569,0.63755342706987,6.74429124785232,0.00940481312376718,0.0539337242403791,Cephalothrix,no_leaves,TRUE,6
3173.11201995915,1.06773437710296,0.429586228107726,6.62384793030826,0.010062220679903,0.0562664414021849,Aeromonas,no_leaves,TRUE,6
68.0974152618488,1.70630612688263,0.578989391980561,6.5998357945448,0.0101988173100646,0.0562664414021849,Chrysosporum,no_leaves,TRUE,6
241.085370681789,1.85228416966398,0.607945791751274,6.6240112945361,0.0100612978086114,0.0562664414021849,Neosynechococcus,no_leaves,TRUE,6
15.0823245866795,1.86936884045539,0.63084089177615,6.58015746199052,0.0103121769829627,0.0562664414021849,Sandaracinobacter,no_leaves,TRUE,6
56.5308171765514,-1.40711161991446,0.492669485905966,6.59227221741333,0.0102422363914667,0.0562664414021849,Mycobacterium,height,TRUE,6
171.759262328038,-1.3783323700971,0.474249615780721,6.5305121725806,0.0106039419435536,0.0569826269472282,Marimicrobium,height,TRUE,6
115.654723659868,2.95502965104175,1.0523055855287,6.52343469837477,0.0106462203371156,0.0569826269472282,Desmonostoc,inoculate,TRUE,6
39.8975914567596,-2.63678836222607,0.97112167817032,6.48313285388944,0.0108902870970466,0.0577390693258507,Udaeobacter,inoculate,TRUE,6
28.3752061675646,1.74845721653245,0.596795124306242,6.4207831625837,0.0112792409093135,0.0586648118859546,Cylindrospermopsis,no_leaves,TRUE,6
105.967978465212,1.60297254999801,0.567323511857317,6.40529520540054,0.0113780507038595,0.0586648118859546,Nodosilinea,height,TRUE,6
13.38272453102,-2.37747432987607,0.909351319035489,6.43803943470115,0.0111701862108186,0.0586648118859546,Luteolibacter,inoculate,TRUE,6
59.4985401686094,1.49624275704596,0.531227225664053,6.27511078349871,0.0122445465620649,0.0625585015261859,Ferruginibacter,no_leaves,TRUE,6
105.967978465212,1.62530036087962,0.57117655671152,6.22268755441994,0.0126123520702935,0.0632869809241515,Nodosilinea,no_leaves,TRUE,6
106.879811790726,1.51691898480828,0.542864777701892,6.22329462907069,0.0126080284531405,0.0632869809241515,Microcystis,height,TRUE,6
104.870269308641,-1.28063800709011,0.452761340892754,6.17852379843975,0.0129310116315462,0.0637476187449908,Chromatocurvus,height,TRUE,6
37.5336802711345,-2.25987365315158,0.868582568967109,6.18966765136558,0.012849831677914,0.0637476187449908,Terrimicrobium,inoculate,TRUE,6
72.3970849816641,1.52499683743688,0.54968580104106,6.15958357206626,0.0130701975329133,0.0638734870738895,Arthrospira,height,TRUE,6
106.879811790726,1.54103843126953,0.545245520563851,6.13978522227083,0.0132173366466361,0.0640357172018059,Microcystis,no_leaves,TRUE,6
39.8975914567596,-1.51221026299148,0.551821216523221,6.11480558782808,0.01340541569256,0.0643918258052881,Udaeobacter,height,TRUE,6
9.67215823351869,-2.74428791629528,1.06766314062609,6.0857384721082,0.0136277392830307,0.0649049955683327,Schlesneria,inoculate,TRUE,6
119.853652401973,1.56344427319974,0.572496547267973,6.06655280192047,0.0137765578234649,0.0650623991326663,Stanieria,height,TRUE,6
119.853652401973,1.59859908294643,0.575488154796503,6.00793036439455,0.0142417220252329,0.0661475022990156,Stanieria,no_leaves,TRUE,6
115.654723659868,1.63648920467392,0.588639301358087,6.02126011986722,0.0141345509912728,0.0661475022990156,Desmonostoc,height,TRUE,6
19.4456875044855,1.82510560749363,0.631853869676847,5.96034963599067,0.0146311393882703,0.0671455236786477,Chroococcidiopsis,no_leaves,TRUE,6
19.0917075628252,-2.36303580480663,0.930582474077082,5.95260540791667,0.014695550556003,0.0671455236786477,Parasegetibacter,inoculate,TRUE,6
37.5336802711345,-1.27400127462105,0.492754451519527,5.93294668940135,0.0148603727347068,0.0673510441685904,Terrimicrobium,height,TRUE,6
163.090119397572,1.53030692527972,0.562008370336252,5.88865852014655,0.0152387044297813,0.0685132151162967,Aphanizomenon,height,TRUE,6
115.654723659868,1.64322688573478,0.59394035015076,5.73227807677864,0.0166558625619536,0.0740777999585485,Desmonostoc,no_leaves,TRUE,6
19.4456875044855,1.74690544868533,0.627339953430274,5.7234296147177,0.0167400010582485,0.0740777999585485,Chroococcidiopsis,height,TRUE,6
72.3970849816641,1.50379295268646,0.555784696041162,5.70810956363369,0.0168867148215383,0.0741432322633168,Arthrospira,no_leaves,TRUE,6
25.7732046462629,-1.20622462043571,0.475394530081159,5.64446610671954,0.0175105471341786,0.0756994422262181,Halioglobus,no_leaves,TRUE,6
18.8276426980864,2.43114017289038,0.969547258594157,5.65057303240726,0.0174496690775241,0.0756994422262181,Cuspidothrix,inoculate,TRUE,6
163.090119397572,1.53313636926758,0.567011175078213,5.62120639547193,0.0177444305989572,0.0761249618062132,Aphanizomenon,no_leaves,TRUE,6
23.1520669990366,-2.56806240942336,1.03017709357004,5.50625587577623,0.0189485682291163,0.0806749647330558,Flavitalea,inoculate,TRUE,6
80.957249134092,-1.02507068011641,0.427649676745252,5.38010802170221,0.0203676169059199,0.0843802735608652,Deefgea,no_leaves,TRUE,6
28.1661747097457,-1.53954431283504,0.569135356053154,5.37567608891447,0.0204194256303873,0.0843802735608652,Ohtaekwangia,no_leaves,TRUE,6
80.957249134092,-1.8331905298728,0.763351987541651,5.3912904219355,0.0202374995714438,0.0843802735608652,Deefgea,inoculate,TRUE,6
41.0953518870998,2.53137081219981,1.0214427501247,5.38107739130875,0.0203563032347812,0.0843802735608652,Gloeotrichia,inoculate,TRUE,6
283.349643260781,1.8463468649582,0.618125534863616,5.31086460332939,0.0211928363138255,0.0869370365574447,Rahnella,no_leaves,TRUE,6
106.466797125778,2.34770667655823,0.964277535386143,5.24996527356382,0.0219472090012229,0.0893792134687482,Mesorhizobium,inoculate,TRUE,6
34.0138762957662,-1.20594123094181,0.497926862668772,5.20903542205519,0.0224697975308845,0.0908491094414177,Terrimonas,no_leaves,TRUE,6
22.796644048081,1.99339412094207,0.844645923163496,5.18256167765476,0.0228146637922083,0.0915845789372931,Bosea,inoculate,TRUE,6
80.957249134092,-1.00817714644723,0.433672237864426,4.97184656459655,0.0257631283994131,0.10268707915227,Deefgea,height,TRUE,6
42.0897988911008,-2.14807611090316,0.924376508982941,4.92556925019463,0.0264620827708585,0.104730214910017,Roseateles,inoculate,TRUE,6
9.67215823351869,-1.50423946689424,0.604282095720615,4.73298894922915,0.0295894218670436,0.114684517857093,Schlesneria,no_leaves,TRUE,6
25.7732046462629,-1.13753731014969,0.483839232055196,4.74602783650198,0.0293660060205722,0.114684517857093,Halioglobus,height,TRUE,6
23.0465100186318,2.29610719224745,1.00249906844643,4.74119900917822,0.0294485403626822,0.114684517857093,Fischerella,inoculate,TRUE,6
34.4162913944656,-1.50267664134762,0.606418377623368,4.70809882884451,0.0300208339743427,0.115559648586169,Chryseolinea,no_leaves,TRUE,6
46.3365640284092,-1.15556871488255,0.46907569162998,4.68443364632619,0.0304370954986251,0.116364950137601,Haliea,height,TRUE,6
46.3365640284092,-1.13649374580606,0.468661214725914,4.62573772382269,0.0314957142576958,0.119598590627196,Haliea,no_leaves,TRUE,6
18.5115512863143,-1.16860921366941,0.487966480743769,4.58553172625292,0.0322429657860531,0.121531283515614,Thiobacter,no_leaves,TRUE,6
18.9337879640148,1.66138320292563,0.761427129724321,4.57524140141625,0.0324371753155554,0.121531283515614,Sphingomonas,inoculate,TRUE,6
423.832766342589,1.38366049734888,0.595024615959086,4.5084065610973,0.0337286483113531,0.125533114907155,Richelia,height,TRUE,6
423.832766342589,1.41567583587906,0.598856405245359,4.46297533754549,0.0346371156205478,0.128066177491762,Richelia,no_leaves,TRUE,6
61.9166239335138,1.25876848206826,0.564415631660104,4.42430457148727,0.0354305483140802,0.130143582696164,Chamaesiphon,height,TRUE,6
23.1520669990366,-1.40812470753094,0.598582718870849,4.36841599171123,0.0366110095990151,0.132084112631391,Flavitalea,no_leaves,TRUE,6
28.1661747097457,-1.42120679927467,0.57359048154597,4.33703494794884,0.037291812962995,0.132084112631391,Ohtaekwangia,height,TRUE,6
34.0138762957662,-1.13121736953377,0.504689069469679,4.38628943401861,0.0362290787263911,0.132084112631391,Terrimonas,height,TRUE,6
18.5115512863143,-1.15769718856561,0.491984397101828,4.35577577170886,0.0368836568842103,0.132084112631391,Thiobacter,height,TRUE,6
56.5308171765514,-1.97698155522856,0.911039528715082,4.33351533735244,0.0373689927195574,0.132084112631391,Mycobacterium,inoculate,TRUE,6
28.8584199761579,1.83999422637988,0.854137806541453,4.34185304143611,0.0371864300682561,0.132084112631391,Planktothrix,inoculate,TRUE,6
22.0640964590939,1.04210969463218,0.560239153137957,4.28232371199103,0.0385106654567981,0.134630624634826,Porphyrobacter,no_leaves,TRUE,6
18.5115512863143,-1.78516259606836,0.841094387584007,4.27977031694701,0.0385685597263469,0.134630624634826,Thiobacter,inoculate,TRUE,6
41.0953518870998,1.2663170176362,0.572079480280716,4.23330434897741,0.0396381993128353,0.137510296381565,Gloeotrichia,height,TRUE,6
61.9166239335138,1.26244992314562,0.569281384110518,4.19211166066045,0.0406124802849476,0.139959904655551,Chamaesiphon,no_leaves,TRUE,6
41.0953518870998,1.29282441923518,0.576174599076249,4.1825422435894,0.0408423921058903,0.139959904655551,Gloeotrichia,no_leaves,TRUE,6
22.0640964590939,1.01938247193465,0.559065446071855,4.14392449357234,0.0417841909884746,0.142319486881956,Porphyrobacter,height,TRUE,6
28.8584199761579,1.00346034327055,0.479116260997139,4.06778254858048,0.0437086169773938,0.147658100662819,Planktothrix,height,TRUE,6
33.3430319347292,-1.73361550625126,0.838152749395645,4.05420914401273,0.0440613531019062,0.147658100662819,Fimbriiglobus,inoculate,TRUE,6
28.0018349691557,1.82254418694336,0.879349665251018,4.05120648016987,0.044139788098494,0.147658100662819,Pseudoxanthomonas,inoculate,TRUE,6
9.67215823351869,-1.3916241478407,0.598091060168773,4.0117086462385,0.0451853368163816,0.150261297578736,Schlesneria,height,TRUE,6
21.8500255736011,-1.01054155972722,0.49503670480351,3.99728099663176,0.0455737271122632,0.150625834612429,Microthrix,no_leaves,TRUE,6
19.0917075628252,-1.15890043997426,0.545401116162135,3.98779542287523,0.0458309923820736,0.150625834612429,Parasegetibacter,no_leaves,TRUE,6
38.1918407214032,1.82825695374727,0.889948716308384,3.96076431623712,0.0465725524858498,0.152173107540974,Cylindrospermum,inoculate,TRUE,6
18.8276426980864,1.2241659384145,0.553333970249593,3.93564395446842,0.0472730383431415,0.153569060975986,Cuspidothrix,height,TRUE,6
23.1520669990366,-1.34251329252922,0.599833932335688,3.92127268426142,0.0476787727633942,0.153996955707055,Flavitalea,height,TRUE,6
18.8276426980864,1.23137025610989,0.557387879658992,3.85471051270869,0.0496064866322001,0.154882474929425,Cuspidothrix,no_leaves,TRUE,6
28.8584199761579,0.983576545260656,0.482403425605066,3.85631739849846,0.0495589925238767,0.154882474929425,Planktothrix,no_leaves,TRUE,6
34.4162913944656,-1.39839892525601,0.609096859344622,3.88192445825598,0.0488085804921259,0.154882474929425,Chryseolinea,height,TRUE,6
21.8500255736011,-1.01001021631163,0.497846384975462,3.87016886900634,0.0491515758199194,0.154882474929425,Microthrix,height,TRUE,6
28.0018349691557,0.992804602913781,0.493113304193554,3.85818417566647,0.0495038772120056,0.154882474929425,Pseudoxanthomonas,height,TRUE,6
21.8412207993911,-1.61670077704627,0.806257831202707,3.85547566607661,0.049583865293523,0.154882474929425,Pedosphaera,inoculate,TRUE,6
39.8569572443968,-1.28412415089335,0.776274566362999,3.79434891322006,0.0514258698884073,0.159675905399364,Cellvibrio,height,TRUE,6
28.0018349691557,1.00058730305123,0.495148368870655,3.78218338419183,0.051801024633853,0.159957010133106,Pseudoxanthomonas,no_leaves,TRUE,6
39.2997550879135,-1.7328579779473,0.869804907166357,3.75120417235887,0.0527694823779839,0.162057098887579,Undibacterium,inoculate,TRUE,6
3173.11201995915,1.72698210497962,0.87417522599681,3.64232306858156,0.0563282869426705,0.171382498202262,Aeromonas,inoculate,TRUE,6
46.3365640284092,-1.67926721782611,0.853880351770089,3.63973400591402,0.0564159469171146,0.171382498202262,Haliea,inoculate,TRUE,6
23.0465100186318,1.14742671137004,0.57129975494723,3.60003074005462,0.05777850273531,0.174578056651851,Fischerella,height,TRUE,6
1208.06257957624,2.02602925050703,1.01717677646179,3.5872918217803,0.0582230538752434,0.174980514855009,Exiguobacterium,inoculate,TRUE,6
27.7273434630005,0.865490447080047,0.51725278156001,3.55875787727378,0.0592320464782879,0.177066011280839,Zavarzinella,height,TRUE,6
23.0465100186318,1.15425169515492,0.575267543805595,3.48664059289995,0.0618660102847759,0.182368339801356,Fischerella,no_leaves,TRUE,6
9.13562981118622,-0.98618798410502,0.493828513317965,3.4867154683222,0.0618632118131157,0.182368339801356,Pseudorhodoplanes,no_leaves,TRUE,6
19.0917075628252,-1.08863393795364,0.548099833246091,3.47497205501429,0.0623037744517088,0.182368339801356,Parasegetibacter,height,TRUE,6
26.25642471997,-1.65082588879017,0.86116993586406,3.48122009898385,0.0620689600602198,0.182368339801356,Saccharimonas,inoculate,TRUE,6
13.38272453102,-0.944519594652478,0.525512295414952,3.41141952189791,0.0647467274718318,0.188537102793624,Luteolibacter,no_leaves,TRUE,6
26.946099629484,-0.894305802033974,0.450445744325407,3.34829530882082,0.067274648880843,0.194580743804763,Ilumatobacter,no_leaves,TRUE,6
185.7348607664,1.85870792753636,0.978327251383302,3.32604212042206,0.0681907859079687,0.194580743804763,Loriellopsis,inoculate,TRUE,6
21.8500255736011,-1.63430933172644,0.873005936425748,3.32564804918015,0.0682071290561181,0.194580743804763,Microthrix,inoculate,TRUE,6
59.0729573977924,-1.47704751279261,0.791229993133849,3.33092744772308,0.067988526208377,0.194580743804763,Rhodobacter,inoculate,TRUE,6
27.7273434630005,0.832924529926577,0.521565979441421,3.286411999298,0.0698555181710097,0.198276773798522,Zavarzinella,no_leaves,TRUE,6
9.13562981118622,-0.945759932358044,0.488889147988635,3.255056117378,0.0712034999066918,0.20108727109327,Pseudorhodoplanes,height,TRUE,6
38.1918407214032,0.927739697499624,0.501085313754146,3.19594201066344,0.073821228905861,0.204732890712084,Cylindrospermum,no_leaves,TRUE,6
18.7387968445186,1.10123965247204,0.528519132013051,3.19305786790006,0.0739515601682438,0.204732890712084,Yersinia,no_leaves,TRUE,6
29.9066166925458,0.812873902694042,0.443966285714477,3.20868535535784,0.0732483149675358,0.204732890712084,Cetobacterium,height,TRUE,6
12.7683894756547,-1.56702728950864,0.863940234994496,3.2063200073745,0.0733542943256018,0.204732890712084,Nostocoida,inoculate,TRUE,6
38.1918407214032,0.903264223090197,0.5000420071286,3.135979057253,0.0765823925596117,0.210489548155376,Cylindrospermum,height,TRUE,6
65.840500466948,1.73100371838502,0.946911758822115,3.13052300322646,0.0768390858859142,0.210489548155376,Aliterella,inoculate,TRUE,6
345.468951361564,1.71854096103497,0.938934568710572,3.1238449380499,0.0771545318861343,0.210489548155376,Leptolyngbya,inoculate,TRUE,6
26.946099629484,-0.875998927531563,0.454479187216118,3.11211398621006,0.0777120349635401,0.210986297823718,Ilumatobacter,height,TRUE,6
21.7388835851883,2.63123596368975,1.38071390742308,3.07590658519064,0.0794602802556229,0.214695564921443,Cephalothrix,inoculate,TRUE,6
119.245711497919,1.76448183547506,0.973922019709001,3.05244416582703,0.0806157371085754,0.216775331363729,Nostoc,inoculate,TRUE,6
50.0824422407049,-1.02315266796648,0.505441355883945,3.03676570305386,0.0813979459357856,0.21699121613093,Rhizobium,height,TRUE,6
29.9066166925458,1.415977014276,0.797133858892166,3.03536485733302,0.081468232390794,0.21699121613093,Cetobacterium,inoculate,TRUE,6
29.9066166925458,0.79265787793622,0.446427734250337,3.02211378451909,0.0821363445102814,0.217738800069708,Cetobacterium,no_leaves,TRUE,6
59.0729573977924,-0.776213073636966,0.444503332393307,2.96256596202507,0.0852126133160308,0.2206888879429,Rhodobacter,no_leaves,TRUE,6
9.30407936166724,-1.01217603364173,0.516454925105805,2.96700416758675,0.0849790922014573,0.2206888879429,Denitratisoma,height,TRUE,6
185.7348607664,0.981615800839826,0.552024287082355,2.97228103311568,0.0847023441593989,0.2206888879429,Loriellopsis,height,TRUE,6
16.4033276590732,0.874099772854157,0.590536280702815,2.97011470760644,0.084815840174848,0.2206888879429,Psychrobacter,height,TRUE,6
86.3719729257056,1.67476477899134,0.94231592967774,2.96645922919237,0.085007727435523,0.2206888879429,Spirulina,inoculate,TRUE,6
13.38272453102,-0.881915042252247,0.526976596504992,2.88576701775909,0.0893654406687756,0.229353214608409,Luteolibacter,height,TRUE,6
35.7985969548826,2.18864538750525,1.40005110749317,2.88560742704935,0.0893742953723161,0.229353214608409,Janthinobacterium,inoculate,TRUE,6
185.7348607664,0.985834355419769,0.555458123260823,2.85162866326489,0.0912814220975131,0.232854796448761,Loriellopsis,no_leaves,TRUE,6
232.224733220604,0.889935688199308,0.551835560592708,2.84659900332011,0.091567455543018,0.232854796448761,Trichormus,height,TRUE,6
42.0897988911008,-0.850462660094533,0.533354918401309,2.80954684536936,0.0937048415920816,0.237216761147522,Roseateles,no_leaves,TRUE,6
16.4033276590732,0.862668894485813,0.596723925938412,2.79150129441877,0.0947654072760204,0.238825824614903,Psychrobacter,no_leaves,TRUE,6
17.1041008166268,-1.60476059104957,0.940185633889898,2.78394053418386,0.0952136420273948,0.238884226872303,Legionella,inoculate,TRUE,6
9.30407936166724,-0.985956760162498,0.520834614812855,2.76275684052559,0.0964818450545598,0.240258628183192,Denitratisoma,no_leaves,TRUE,6
232.224733220604,0.896151045951473,0.555017215459654,2.76052611323303,0.0966164590202872,0.240258628183192,Trichormus,no_leaves,TRUE,6
11.9101605679763,1.51893687789444,0.900850743770505,2.73701734850809,0.0980476172497203,0.242743440063184,Aminobacter,inoculate,TRUE,6
22.0640964590939,1.74505160443434,1.02260331875138,2.72841203432492,0.0985772549734923,0.242984286382029,Porphyrobacter,inoculate,TRUE,6
26.946099629484,-1.33002512992904,0.796352392602063,2.6993835950856,0.100387051529799,0.246364729081865,Ilumatobacter,inoculate,TRUE,6
106.466797125778,1.0449407483906,0.563955223426685,2.66111664894275,0.102828522833913,0.248024162371928,Mesorhizobium,no_leaves,TRUE,6
21.8412207993911,-0.829652142015343,0.473925410406797,2.6656073546837,0.102538676339292,0.248024162371928,Pedosphaera,no_leaves,TRUE,6
283.349643260781,1.23888786185272,0.636524625477818,2.67224718335076,0.102111754069721,0.248024162371928,Rahnella,height,TRUE,6
21.2722585031815,1.41347481054638,0.850236466392811,2.67399847271253,0.101999475388937,0.248024162371928,Pantanalinema,inoculate,TRUE,6
26.25642471997,-0.862274545591381,0.498009040848704,2.6391346537524,0.104260319139698,0.250402988703035,Saccharimonas,no_leaves,TRUE,6
59.0729573977924,-0.74687891230544,0.449207857303905,2.62553433025681,0.105157100204664,0.251482086446898,Rhodobacter,height,TRUE,6
232.224733220604,1.64289922504632,0.9898299345344,2.57896279668717,0.108292600316179,0.257883226176664,Trichormus,inoculate,TRUE,6
9.13562981118622,-1.48044682153193,0.920986635331148,2.52287727449254,0.112205683785901,0.266074237500743,Pseudorhodoplanes,inoculate,TRUE,6
39.2997550879135,-0.77271489314128,0.497822281609041,2.49397343211806,0.114282872744077,0.269698712966202,Undibacterium,no_leaves,TRUE,6
16.4587777143091,2.23171532218699,1.40591401317289,2.48832218143358,0.114693936652886,0.269698712966202,Gloeocapsopsis,inoculate,TRUE,6
345.468951361564,0.870205729458155,0.534849867071895,2.47001865314665,0.116036547501629,0.271718915399647,Leptolyngbya,height,TRUE,6
345.468951361564,0.885539601430387,0.536553813338128,2.4581870195471,0.116913656752229,0.272636826119307,Leptolyngbya,no_leaves,TRUE,6
119.245711497919,0.875083131293618,0.550591164133476,2.41379678727782,0.120270347892406,0.278134982234083,Nostoc,height,TRUE,6
21.6670548932475,0.814101063317965,0.500328210183592,2.40736116266709,0.120765786622151,0.278134982234083,Polynucleobacter,height,TRUE,6
42.0897988911008,-0.800793923187344,0.535934655418294,2.39471523615029,0.121745917490364,0.278134982234083,Roseateles,height,TRUE,6
26.25642471997,-0.838787336632935,0.501109761105124,2.39674169821954,0.121588263863831,0.278134982234083,Saccharimonas,height,TRUE,6
20.8080929336909,-1.25052204991271,0.7960769999389,2.40275411402067,0.121121842955008,0.278134982234083,Hyphomicrobium,inoculate,TRUE,6
20.8080929336909,-0.770028633825669,0.45957366028406,2.37029932031005,0.123663338453449,0.279484361571805,Hyphomicrobium,no_leaves,TRUE,6
119.245711497919,0.887450582934403,0.552252263402619,2.37404089627852,0.12336734529346,0.279484361571805,Nostoc,no_leaves,TRUE,6
86.3719729257056,0.833197422172751,0.530689052120308,2.36821611807049,0.123828480482882,0.279484361571805,Spirulina,height,TRUE,6
86.3719729257056,0.845233034541416,0.531800008989231,2.33732872293953,0.126305980542047,0.283110169066805,Spirulina,no_leaves,TRUE,6
21.6670548932475,1.38796927856292,0.889890485007773,2.33564704141124,0.126442442056527,0.283110169066805,Polynucleobacter,inoculate,TRUE,6
65.840500466948,0.834496381517121,0.534001799093276,2.3198375183538,0.127733367917879,0.284865685594636,Aliterella,no_leaves,TRUE,6
21.8412207993911,-0.784849402104389,0.478732153185026,2.28358994493685,0.130748921418588,0.28986844801813,Pedosphaera,height,TRUE,6
53.9893180929051,-1.32913400268542,0.862560344321655,2.28051743222145,0.131008159780436,0.28986844801813,Pelomonas,inoculate,TRUE,6
15.6834661757609,-1.23188161531762,0.809765752178895,2.26947815452809,0.131944324123708,0.290794941794211,Pirellula,inoculate,TRUE,6
16.2217531483025,1.19136701197678,0.783702919891716,2.25799431206821,0.132926121294826,0.291814375655048,Gemmatimonas,inoculate,TRUE,6
11.9101605679763,0.766937956480399,0.493586158347534,2.2320023774258,0.135178560413637,0.295604478414257,Aminobacter,no_leaves,TRUE,6
18.9337879640148,0.743785138674802,0.454478827459617,2.2129365401724,0.136857940730007,0.298116909652186,Sphingomonas,no_leaves,TRUE,6
21.6670548932475,0.774798184994651,0.504133212861458,2.15810116996767,0.141819849479135,0.30773264636013,Polynucleobacter,no_leaves,TRUE,6
20.8080929336909,-0.743281763383016,0.463488130510691,2.1393337749299,0.143564226853169,0.310319598044157,Hyphomicrobium,height,TRUE,6
65.840500466948,0.785726993334671,0.534732703065776,2.12136122079969,0.145257392150008,0.312776453595037,Aliterella,height,TRUE,6
53.9893180929051,-0.686753272462621,0.481367728280434,2.09584429659834,0.147700099616044,0.316822351084797,Pelomonas,no_leaves,TRUE,6
44.3536489144872,-1.36725120963604,0.934399710177595,2.050147585479,0.152191436082642,0.325215159994087,Inhella,inoculate,TRUE,6
53.9893180929051,-0.681654984708215,0.48219473212238,2.02524364295022,0.154704109945579,0.329332234050817,Pelomonas,height,TRUE,6
39.2997550879135,-0.702757895299898,0.502679211323784,1.9833421960588,0.159038755715065,0.336014213202505,Undibacterium,height,TRUE,6
18.7387968445186,0.875873043128583,0.538033330896984,1.98655787890343,0.158701249177092,0.336014213202505,Yersinia,height,TRUE,6
82.7617854011793,1.32071683216494,0.939695653738994,1.89917625726845,0.168170551034875,0.353976965099624,Iphinoe,inoculate,TRUE,6
27.7859680817028,-0.598954582070808,0.441252659451456,1.87170631758383,0.171279780734252,0.354573395426486,Alsobacter,no_leaves,TRUE,6
16.2217531483025,0.629159262828408,0.443584876658606,1.87607619515262,0.170780784717189,0.354573395426486,Gemmatimonas,no_leaves,TRUE,6
50.0824422407049,-0.819338159641339,0.516692980770435,1.87287710627179,0.171145924419313,0.354573395426486,Rhizobium,no_leaves,TRUE,6
10.8156975605135,-0.66353718200199,0.451697888719788,1.86883580235785,0.171608476078299,0.354573395426486,Alysiosphaera,height,TRUE,6
27.7859680817028,-1.07432449334249,0.776299608769216,1.87647529260325,0.170735295067918,0.354573395426486,Alsobacter,inoculate,TRUE,6
2022.61456307933,1.31674061254628,0.954555193579862,1.82184313590568,0.177094039798845,0.364567217461359,Hydrogenophaga,inoculate,TRUE,6
39.6340264161811,1.45222741555802,1.05172503506674,1.81209785480249,0.178256777252861,0.365621565022291,Blastomonas,inoculate,TRUE,6
27.7273434630005,1.31120371473374,0.958096042118216,1.79841504194892,0.179904226743072,0.367658819744023,Zavarzinella,inoculate,TRUE,6
89.5862107276214,-0.637594719350841,0.442704849063597,1.77962858566183,0.182194940591639,0.368322146088134,Algisphaera,no_leaves,TRUE,6
10.8156975605135,-0.65137247550578,0.45462678176418,1.78875183528116,0.181078313348677,0.368322146088134,Alysiosphaera,no_leaves,TRUE,6
82.7617854011793,0.696484570931728,0.524436548670132,1.78052043789026,0.182085432649233,0.368322146088134,Iphinoe,height,TRUE,6
22.796644048081,0.782097146182323,0.510646928917155,1.73377129636731,0.187929983869894,0.376963520199569,Bosea,no_leaves,TRUE,6
16.4587777143091,0.978899786784187,0.794751706441817,1.73715426591377,0.187499804370025,0.376963520199569,Gloeocapsopsis,no_leaves,TRUE,6
18.9337879640148,0.662561745696952,0.459570891007733,1.72944524732012,0.188481760099785,0.376963520199569,Sphingomonas,height,TRUE,6
9.8974930029951,0.53689497182339,0.438037155755461,1.72206146753219,0.18942790496998,0.377512349621023,Sediminibacterium,height,TRUE,6
49.9364621727443,-0.638872118398447,0.439526106782997,1.70630989574807,0.191464843474131,0.379109149744322,Aquincola,height,TRUE,6
19.0336145579453,1.80982249969251,1.39853861435997,1.70543837567341,0.19157828919464,0.379109149744322,Paenibacillus,inoculate,TRUE,6
49.9364621727443,-0.625428382316046,0.439250410056249,1.66381375511543,0.19708918402874,0.380632719670625,Aquincola,no_leaves,TRUE,6
82.7617854011793,0.69127477956431,0.526112909596274,1.67993344389855,0.194933296487775,0.380632719670625,Iphinoe,no_leaves,TRUE,6
27.7859680817028,-0.57229433805519,0.445164419999966,1.66529490587107,0.196889930053255,0.380632719670625,Alsobacter,height,TRUE,6
12.1548398435322,1.15427591918051,0.884985628873394,1.66417939264116,0.197039974143712,0.380632719670625,Clostridium,inoculate,TRUE,6
17.6134153630862,-1.28704428561219,0.978107444664872,1.68369334022604,0.194434416477135,0.380632719670625,Flavisolibacter,inoculate,TRUE,6
111.882978115049,1.19729425383985,0.909151430394617,1.6788948704897,0.195071362958988,0.380632719670625,Nodularia,inoculate,TRUE,6
27.0761372229402,0.957389211813578,0.732449227241317,1.67980584276888,0.194950253437637,0.380632719670625,Paracoccus,inoculate,TRUE,6
12.3266271023146,1.31283748949038,1.00422457335667,1.65180880987338,0.198712921107115,0.382454320760954,Phormidium,inoculate,TRUE,6
11.9101605679763,0.654874553444907,0.493858791505917,1.63580617264106,0.20090185044097,0.385347576613738,Aminobacter,height,TRUE,6
9.95546866734447,-1.23617132175296,0.960408894760787,1.63064230098418,0.201614232321518,0.385398634573786,Cyanobium,inoculate,TRUE,6
89.5862107276214,-0.612291712684499,0.446606343781469,1.62301434980089,0.202671991276983,0.386107318975134,Algisphaera,height,TRUE,6
16.4587777143091,0.921082022323594,0.773953629379738,1.61730967462985,0.203467323448162,0.38631295870901,Gloeocapsopsis,height,TRUE,6
11.7001690926403,1.30858002466319,1.01889957045101,1.59312007229922,0.20688092834922,0.391471655664181,Kyrtuthrix,inoculate,TRUE,6
11.7001690926403,0.747892691042238,0.549719232385826,1.57765233448838,0.209099180085732,0.394341406738863,Kyrtuthrix,height,TRUE,6
12.7683894756547,-0.626632637460024,0.492648772609684,1.54374305590532,0.214061517581928,0.402349742077069,Nostocoida,no_leaves,TRUE,6
89.5862107276214,-0.992818570413981,0.795420041389253,1.52564388620597,0.216767398892283,0.404728498928449,Algisphaera,inoculate,TRUE,6
12.5900281697389,1.13576437493383,0.913721407174191,1.52866217373566,0.216313339694656,0.404728498928449,Prochloron,inoculate,TRUE,6
59.3950732168352,-0.547298073748939,0.42533184118073,1.50570930782224,0.219794977128097,0.406331503769706,Nordella,no_leaves,TRUE,6
106.466797125778,0.781653366186502,0.574369197176331,1.50905582623274,0.219283215452677,0.406331503769706,Mesorhizobium,height,TRUE,6
59.3950732168352,-0.947062731733382,0.764580543414987,1.50714303401611,0.219575552128201,0.406331503769706,Nordella,inoculate,TRUE,6
21.2722585031815,0.653817297420039,0.493783340571597,1.4917412013523,0.221946499048601,0.406714981401757,Pantanalinema,no_leaves,TRUE,6
16.2217531483025,0.566363010176271,0.446701245188627,1.49914641310261,0.220802746923497,0.406714981401757,Gemmatimonas,height,TRUE,6
9.30407936166724,-1.19739200512591,0.967624143464345,1.48989251713172,0.222233137165322,0.406714981401757,Denitratisoma,inoculate,TRUE,6
455.100243035251,1.16820325851565,0.942235986364128,1.48562069780483,0.222897178419468,0.406714981401757,Pedobacter,inoculate,TRUE,6
111.882978115049,0.615305542079573,0.51192291795148,1.46592704808232,0.225989414838359,0.409696939158574,Nodularia,height,TRUE,6
9.76764570968105,-1.3045182834896,1.05856902873063,1.46727397354707,0.225776292246125,0.409696939158574,Nitrospira,inoculate,TRUE,6
12.3266271023146,0.714925913091963,0.547312411846878,1.44780669826664,0.2288802126114,0.413603471021244,Phormidium,height,TRUE,6
21.2722585031815,0.634547404471879,0.493860296385227,1.42924322723744,0.231887983896722,0.417695663301147,Pantanalinema,height,TRUE,6
71.4100738186138,1.00294313995251,0.831109010660336,1.42254384761169,0.232985151671926,0.418331166899752,Sphingopyxis,inoculate,TRUE,6
33.3430319347292,-0.568193152230576,0.497754228401466,1.41461699203673,0.234291455848388,0.419336936900618,Fimbriiglobus,no_leaves,TRUE,6
111.882978115049,0.609956738846848,0.512773981107165,1.38921511788773,0.238537692134135,0.425581533267885,Nodularia,no_leaves,TRUE,6
9.8974930029951,0.491831842585586,0.450214293515916,1.37401478932963,0.241123283295775,0.428833181051347,Sediminibacterium,no_leaves,TRUE,6
122.003263332116,1.14722775236829,0.974172772377366,1.34167498606249,0.246738796945228,0.437435974395011,Massilia,inoculate,TRUE,6
11.7001690926403,0.698913620511942,0.559289157372721,1.31847619924483,0.250865708458881,0.441964038099972,Kyrtuthrix,no_leaves,TRUE,6
27.0761372229402,0.490546333253492,0.419845757105961,1.32045682166486,0.250510081944036,0.441964038099972,Paracoccus,no_leaves,TRUE,6
10.8156975605135,-0.960172448138176,0.835541845372038,1.29788744516139,0.254599466879205,0.447140313706605,Alysiosphaera,inoculate,TRUE,6
13.1511283740313,-0.896288159168256,0.790254711447754,1.28223510549527,0.257483868547773,0.450797302566506,Cytophaga,inoculate,TRUE,6
12.3266271023146,0.67817255425056,0.555531562535497,1.25049018745455,0.263458874791077,0.45693259437066,Phormidium,no_leaves,TRUE,6
59.3950732168352,-0.506376440317428,0.429961865250142,1.25049633862546,0.263457700472259,0.45693259437066,Nordella,height,TRUE,6
10.3773105880569,-0.545896398124035,0.452543903279515,1.24640414358181,0.264240379306876,0.45693259437066,Phycisphaera,height,TRUE,6
143.872997811254,-0.556137724138422,0.478978414201825,1.25130351602421,0.263303658765973,0.45693259437066,Polymorphobacter,height,TRUE,6
18.8044890664743,-0.881078380360768,0.787729742132373,1.23533227280075,0.266372538693088,0.459206646458636,Ketogulonicigenium,inoculate,TRUE,6
27.0761372229402,0.473428017926688,0.422363547788355,1.21246623187507,0.270844240444673,0.465487654831517,Paracoccus,height,TRUE,6
17.6134153630862,-0.640907797812765,0.559131750720592,1.18450053177374,0.276441677601416,0.472219522224911,Flavisolibacter,no_leaves,TRUE,6
143.872997811254,-0.536707211881694,0.479122059583635,1.18616752967529,0.276103976257739,0.472219522224911,Polymorphobacter,no_leaves,TRUE,6
27.0017563916424,-0.474464196841091,0.42470077969834,1.16614404147028,0.280194955025905,0.473540317770717,Aquabacterium,no_leaves,TRUE,6
455.100243035251,0.55728231275636,0.53425495910256,1.17101038232592,0.279193731391201,0.473540317770717,Pedobacter,no_leaves,TRUE,6
10.3773105880569,-0.533219735235883,0.457053244173997,1.16863296031991,0.279682308471508,0.473540317770717,Phycisphaera,no_leaves,TRUE,6
12.7683894756547,-0.549576638507681,0.492464098946377,1.16425286211254,0.280585277255603,0.473540317770717,Nostocoida,height,TRUE,6
27.0017563916424,-0.474160537463574,0.427194709897142,1.14156578225902,0.285321712838037,0.480092223398134,Aquabacterium,height,TRUE,6
22.796644048081,0.638087954437403,0.516562757825303,1.13466759166283,0.286781918586181,0.481108770881891,Bosea,height,TRUE,6
33.3430319347292,-0.512603689841233,0.500933050446058,1.11702648364178,0.290559631002682,0.485995573284249,Fimbriiglobus,height,TRUE,6
71.141981052763,1.08377009960069,1.01547691339445,1.10485461373089,0.293203182589208,0.488961984021172,Microbacterium,inoculate,TRUE,6
18.8044890664743,-0.459670029287019,0.452031873319081,1.08954936338294,0.296571076931116,0.491660605413826,Ketogulonicigenium,no_leaves,TRUE,6
10.7242309021441,1.51210790315106,1.39595739911004,1.0903792504698,0.296387194511685,0.491660605413826,Lusitaniella,inoculate,TRUE,6
12.5900281697389,0.532112592789397,0.505611083545723,1.08443926739848,0.297706579983481,0.49209146456093,Prochloron,no_leaves,TRUE,6
2022.61456307933,0.584707661749525,0.52255026743258,1.07573037806213,0.299654666891396,0.493859011123064,Hydrogenophaga,height,TRUE,6
2022.61456307933,0.587733040068158,0.52740959532897,1.06149014777218,0.3028755627449,0.496783459081958,Hydrogenophaga,no_leaves,TRUE,6
12.5900281697389,0.514407036858608,0.501104090698553,1.06007963755297,0.303197022179914,0.496783459081958,Prochloron,height,TRUE,6
19.4669272232928,-0.78302569864879,0.758093521317288,1.05479654882584,0.304404979066548,0.497312785568023,Polyangium,inoculate,TRUE,6
10.7242309021441,0.819784824859256,0.772209063521839,1.0490429821713,0.305727599635711,0.498025828971797,Lusitaniella,height,TRUE,6
9.22135017969573,-0.850900619520618,0.842105112777291,1.01843178969094,0.312891282046801,0.508222255810122,Amoebophilus,inoculate,TRUE,6
29.6528616516402,0.569738979167343,0.558475726168288,1.00671627235727,0.315690805764947,0.51129173729078,Cyanomargarita,height,TRUE,6
34.3435907929646,-0.530089548531727,0.545130588920658,0.97772220192266,0.322761805534339,0.51974823699226,Serratia,no_leaves,TRUE,6
140.231013822531,0.863118583359251,0.864598811511513,0.9795060043121,0.322320796172864,0.51974823699226,Phormidesmis,inoculate,TRUE,6
17.6134153630862,-0.576060591608125,0.559023393024133,0.965832909792162,0.325721642595507,0.520044213462145,Flavisolibacter,height,TRUE,6
29.6528616516402,0.993149095697077,1.00025578394751,0.966877843475061,0.325460071959703,0.520044213462145,Cyanomargarita,inoculate,TRUE,6
41.999133223958,-0.918402068173792,0.923817185258963,0.967112939425782,0.325401260408707,0.520044213462145,Paucibacter,inoculate,TRUE,6
18.8044890664743,-0.43455947964413,0.454448188291142,0.955285189443963,0.328377636530642,0.522799523315073,Ketogulonicigenium,height,TRUE,6
34.3435907929646,-0.960319018254702,0.975202178766339,0.947510305816593,0.330353838202816,0.52446004822029,Serratia,inoculate,TRUE,6
10.7242309021441,0.794046060065041,0.788956013059061,0.93789830092193,0.332818931617258,0.526255477926046,Lusitaniella,no_leaves,TRUE,6
17.2880724235061,0.47834524086235,0.49449517427575,0.935810675785334,0.333357562529666,0.526255477926046,Acaryochloris,height,TRUE,6
544.695639505724,0.429680621404597,0.483495891983058,0.92153300660442,0.337072776493711,0.530629973079735,Sphingobium,height,TRUE,6
9.22135017969573,-0.396232906220306,0.434950251209315,0.916438269053302,0.338411907651319,0.531249977933076,Amoebophilus,height,TRUE,6
9.22135017969573,-0.39934299340898,0.442152102664745,0.89402784364718,0.344388129539847,0.531720134069764,Amoebophilus,no_leaves,TRUE,6
29.6528616516402,0.549927540512327,0.561770982665735,0.896602668003972,0.343694297016,0.531720134069764,Cyanomargarita,no_leaves,TRUE,6
13.1511283740313,-0.416047042789031,0.442751420752006,0.89958617834936,0.342892696168386,0.531720134069764,Cytophaga,no_leaves,TRUE,6
455.100243035251,0.489923167790628,0.536760281730243,0.902565603093677,0.342094708949737,0.531720134069764,Pedobacter,height,TRUE,6
277.950696150573,0.853117743357674,0.894087706250225,0.89438428321705,0.34429196769291,0.531720134069764,Acidovorax,inoculate,TRUE,6
49.9364621727443,-0.771201715515564,0.807878915604191,0.897767980746572,0.343380903356505,0.531720134069764,Aquincola,inoculate,TRUE,6
544.695639505724,0.418623506164336,0.483930408067132,0.882275452387091,0.347579207928491,0.533714521463967,Sphingobium,no_leaves,TRUE,6
27.0017563916424,-0.707847252672994,0.748300215047057,0.884690030818462,0.346920327366583,0.533714521463967,Aquabacterium,inoculate,TRUE,6
16.9222560730071,-0.41733537248995,0.435052337773015,0.861781427956437,0.353240651400631,0.540929825850557,Citreicella,height,TRUE,6
11.2172604752108,-0.412145490518669,0.44309166270139,0.854111233349677,0.355391885537766,0.54274521650061,Belnapia,no_leaves,TRUE,6
62.0321750491984,0.868250236678995,0.934436703871193,0.850165135895033,0.35650562582645,0.54297062795248,Stigonema,inoculate,TRUE,6
34.3435907929646,-0.498942501187804,0.544924888642537,0.845939132602197,0.357703681633143,0.543322889399531,Serratia,height,TRUE,6
49.9597983069801,-0.70596446660977,0.77114189686374,0.831429412667902,0.361859524861633,0.548153781596328,Methylibium,inoculate,TRUE,6
15.6834661757609,-0.403837239247841,0.471505802846781,0.813072292486879,0.367213482667522,0.551802078233015,Pirellula,no_leaves,TRUE,6
11.2172604752108,-0.402091451195007,0.439490853807213,0.816722471995021,0.366140184001835,0.551802078233015,Belnapia,height,TRUE,6
10.3773105880569,-0.771504581699458,0.849232906938967,0.815787597385167,0.366414659130314,0.551802078233015,Phycisphaera,inoculate,TRUE,6
44.3536489144872,-0.475263437790066,0.5335363662012,0.80386063398457,0.369941604266977,0.55441915092811,Inhella,no_leaves,TRUE,6
17.2880724235061,0.448454157909451,0.497637308254543,0.793802917971831,0.372952678118005,0.555232101310685,Acaryochloris,no_leaves,TRUE,6
9.95546866734447,-0.463437139374041,0.521962906030523,0.781259188723176,0.376756311591928,0.555232101310685,Cyanobium,no_leaves,TRUE,6
62.0321750491984,0.4397864356222,0.519467467185771,0.780716076679688,0.376922227535981,0.555232101310685,Stigonema,no_leaves,TRUE,6
240.155275774323,-0.523499590655269,0.540722841696371,0.78296802569993,0.376234946346129,0.555232101310685,Rhizobacter,height,TRUE,6
62.0321750491984,0.43112072660519,0.518571662484376,0.775933497938858,0.378387713170805,0.555232101310685,Stigonema,height,TRUE,6
11.2172604752108,-0.724907811727982,0.814713128104401,0.782545524802856,0.376363756712733,0.555232101310685,Belnapia,inoculate,TRUE,6
32.4044145564717,0.664358430872025,0.750968404076365,0.776431613077435,0.378234705932313,0.555232101310685,Chitinophaga,inoculate,TRUE,6
270.14008583597,-0.749386630837412,0.843721525069035,0.778394547668867,0.377632594302505,0.555232101310685,Limnobacter,inoculate,TRUE,6
17.2880724235061,0.774811072676859,0.882681547171663,0.767619860274621,0.380954376194715,0.556094440055662,Acaryochloris,inoculate,TRUE,6
157.140376977346,-0.675597853695363,0.765980164051091,0.769767521649584,0.380288980968083,0.556094440055662,Rubrivivax,inoculate,TRUE,6
16.9222560730071,-0.391717885150176,0.434899535270958,0.762494440971373,0.382549019360385,0.556647722958208,Citreicella,no_leaves,TRUE,6
43.277127852027,-0.764449650804373,0.871041068444426,0.760045265595473,0.383314357268375,0.556647722958208,Reyranella,inoculate,TRUE,6
142.791467058965,-0.643800330062394,0.746574503900029,0.736836482487675,0.390676153912724,0.56587628479111,Tabrizicola,inoculate,TRUE,6
15.0527423473055,-0.3816784880113,0.45387472312037,0.71491534708467,0.397816849310889,0.57319331456795,Xylophilus,no_leaves,TRUE,6
13.1511283740313,-0.371642322730106,0.442149003047472,0.717462136503073,0.396977638188101,0.57319331456795,Cytophaga,height,TRUE,6
143.872997811254,-0.730701531194164,0.860080158002238,0.711979284236065,0.398787519565958,0.57319331456795,Polymorphobacter,inoculate,TRUE,6
90.0179591049799,0.404830869708296,0.513473397655407,0.701887871237474,0.402150068357969,0.576551883717292,Kamptonema,height,TRUE,6
23.1909605868148,-0.715092196552909,0.850697143901167,0.697696390301765,0.403558824741012,0.577099388052033,Mitsuaria,inoculate,TRUE,6
277.950696150573,0.445273569017572,0.508346964340294,0.693440715546785,0.404996525687865,0.577685399585229,Acidovorax,height,TRUE,6
15.0527423473055,-0.668141515806301,0.805524448716986,0.682876756944921,0.408597879929231,0.581346857013234,Xylophilus,inoculate,TRUE,6
90.0179591049799,0.402167744740803,0.513701610105574,0.670729365207507,0.412797432679247,0.585838780721557,Kamptonema,no_leaves,TRUE,6
44.3536489144872,-0.438258841321356,0.533643111799963,0.666918434678081,0.414128048381304,0.586246758665725,Inhella,height,TRUE,6
240.155275774323,-0.480042312432756,0.543947712455371,0.658311036447572,0.417156844867706,0.589050620139826,Rhizobacter,no_leaves,TRUE,6
46.5022844723844,0.685344888073479,0.842272169636665,0.654692986333245,0.418439794671761,0.58938136492614,Oligoflexus,inoculate,TRUE,6
41.999133223958,-0.407608039721781,0.517646177860184,0.648560896347625,0.420627666976947,0.59098187210261,Paucibacter,no_leaves,TRUE,6
15.6834661757609,-0.362125460786852,0.472479495478702,0.64480324465034,0.421976805894494,0.591398914994278,Pirellula,height,TRUE,6
140.231013822531,0.405676596594047,0.492800350695783,0.638908848232362,0.424106195401469,0.592904681133397,Phormidesmis,height,TRUE,6
17.1041008166268,-0.422655562679604,0.551154128579375,0.62951040166837,0.427534958644616,0.596215004362963,Legionella,no_leaves,TRUE,6
9.95546866734447,-0.407767942994019,0.515567968181333,0.621499019477348,0.430490785884905,0.597879121479868,Cyanobium,height,TRUE,6
41.999133223958,-0.401575284296067,0.516965429516654,0.620213908517826,0.430967807338065,0.597879121479868,Paucibacter,height,TRUE,6
90.0179591049799,0.727611475281241,0.920777746582553,0.617655663532958,0.431919792385812,0.597879121479868,Kamptonema,inoculate,TRUE,6
277.950696150573,0.417336043066112,0.510528998903598,0.600941991824385,0.438218839078722,0.600680457468882,Acidovorax,no_leaves,TRUE,6
71.4100738186138,0.37324999538821,0.473221871564768,0.602453078772214,0.437643593122416,0.600680457468882,Sphingopyxis,no_leaves,TRUE,6
15.0527423473055,-0.354119743545986,0.454112538870537,0.608458529964494,0.435368791842454,0.600680457468882,Xylophilus,height,TRUE,6
4794.65651471041,0.67524087122978,0.864439796577532,0.603344247038635,0.437304881668748,0.600680457468882,Pseudomonas,inoculate,TRUE,6
49.9597983069801,-0.312545168064709,0.431198639358286,0.578487749766126,0.446905685938504,0.609614066741357,Methylibium,no_leaves,TRUE,6
140.231013822531,0.389139204112903,0.493235945017663,0.580199856208893,0.446233994343956,0.609614066741357,Phormidesmis,no_leaves,TRUE,6
32.4044145564717,0.331327038517857,0.425385477096997,0.572867950562262,0.449121514623008,0.611153247501526,Chitinophaga,height,TRUE,6
19.4669272232928,-0.324699030776683,0.440354981007494,0.566580252256948,0.451621042059226,0.613070110234988,Polyangium,no_leaves,TRUE,6
32.4044145564717,0.327400727042132,0.424853564772577,0.560312407568766,0.454134396203507,0.614996459437039,Chitinophaga,no_leaves,TRUE,6
642.791075103439,0.626691287176006,0.835409056381416,0.557363647863937,0.455324423424174,0.615125783568235,Flavobacterium,inoculate,TRUE,6
142.791467058965,-0.317102541864996,0.427950078229323,0.550264779473523,0.458209525573504,0.617538976912012,Tabrizicola,no_leaves,TRUE,6
17.4859231754379,-0.695344555086655,0.94222439399435,0.542621743824512,0.461348217235137,0.617795653030432,Algoriphagus,inoculate,TRUE,6
18.1825180081943,-0.609771663847775,0.822976290531932,0.545586079812011,0.460126849357843,0.617795653030432,Gemmobacter,inoculate,TRUE,6
16.4033276590732,1.03499510801084,1.37902005119894,0.541775530927964,0.461697818990714,0.617795653030432,Psychrobacter,inoculate,TRUE,6
12.1548398435322,0.399256257054833,0.495475003358578,0.522484663961372,0.469783715295418,0.627122204266093,Clostridium,no_leaves,TRUE,6
16.6079955185527,0.301704736037701,0.459048407735277,0.504294248030703,0.477619319455427,0.636071226383768,Oscillatoria,no_leaves,TRUE,6
240.155275774323,-0.682159037991961,0.966674997573099,0.491790799038284,0.48312955573743,0.641888440483299,Rhizobacter,inoculate,TRUE,6
49.9597983069801,-0.286010008267166,0.433182840995922,0.483399956721911,0.486886298761992,0.642324178178965,Methylibium,height,TRUE,6
16.6079955185527,0.293577848881388,0.45846376772836,0.485335454667577,0.486015462743705,0.642324178178965,Oscillatoria,height,TRUE,6
14.5678096440008,-0.533229301473233,0.763394503220641,0.488478045977175,0.484606999851654,0.642324178178965,Delftia,inoculate,TRUE,6
19.4669272232928,-0.300248487287902,0.442716710820978,0.473450928196797,0.491403849432761,0.646765722204243,Polyangium,height,TRUE,6
17.1041008166268,-0.360080433854543,0.550985160298544,0.447074681734776,0.503727424943743,0.661436478547625,Legionella,height,TRUE,6
142.791467058965,-0.288095246343899,0.431941068478511,0.441699940384979,0.506303105716787,0.663268870426187,Tabrizicola,height,TRUE,6
46.7542990372607,-0.328839472728557,0.468956517318664,0.43051388345058,0.5117369011612,0.668828228959522,Piscinibacter,height,TRUE,6
509.774978428316,-0.514094847898705,0.606538765684231,0.424623288106844,0.514639082127362,0.671060705697396,Brevundimonas,height,TRUE,6
1208.06257957624,0.495453309747855,0.596921476639215,0.415945249033626,0.518967251812117,0.675137952588911,Exiguobacterium,no_leaves,TRUE,6
12.1548398435322,0.346313939339517,0.492065081557053,0.400391941348502,0.526886911454841,0.682295749513043,Clostridium,height,TRUE,6
46.7542990372607,-0.536724273911873,0.845888961301341,0.399054489086673,0.527577962417869,0.682295749513043,Piscinibacter,inoculate,TRUE,6
36.6549879217222,0.568897805539209,0.897700705115965,0.398024067910946,0.528111478715611,0.682295749513043,Variovorax,inoculate,TRUE,6
83.1585565668529,0.525596494364566,0.835195227765489,0.393308317694917,0.530565515690882,0.683894082152008,Romboutsia,inoculate,TRUE,6
46.7542990372607,-0.306805240317285,0.469686339032862,0.378210293401381,0.538562616704854,0.689458292911453,Piscinibacter,no_leaves,TRUE,6
15.7635391105355,0.286617697003932,0.476581795526979,0.38016551447619,0.537514669121937,0.689458292911453,Prochlorococcus,height,TRUE,6
233.878794956366,-0.558836892662546,0.903266984295099,0.379694560633993,0.537766747654872,0.689458292911453,Ideonella,inoculate,TRUE,6
9.76764570968105,-0.367374280598029,0.577843169446622,0.373373806163144,0.541170973682268,0.689655526552006,Nitrospira,no_leaves,TRUE,6
544.695639505724,0.537434399038429,0.873999322901374,0.375401509858392,0.5400746038782,0.689655526552006,Sphingobium,inoculate,TRUE,6
18.1825180081943,-0.273892724148588,0.470498358282366,0.361033376886105,0.547932883857006,0.69399275314939,Gemmobacter,no_leaves,TRUE,6
71.4100738186138,0.291182766735111,0.477206072827767,0.360409365535205,0.548278972239019,0.69399275314939,Sphingopyxis,height,TRUE,6
16.9222560730071,-0.464322657918208,0.768414101976135,0.362167271019011,0.54730504552541,0.69399275314939,Citreicella,inoculate,TRUE,6
15.7635391105355,0.281943639767757,0.478451091097344,0.357686573452526,0.549793868983512,0.694346414311761,Prochlorococcus,no_leaves,TRUE,6
157.140376977346,-0.254527582790944,0.443620876408222,0.339416827686321,0.560166033576717,0.705859441412814,Rubrivivax,no_leaves,TRUE,6
15.8446001832981,-0.50047066053497,0.862879125681208,0.333699562423412,0.563488729381455,0.70845786557579,Thermostilla,inoculate,TRUE,6
14.5678096440008,-0.248769435213723,0.430901500790076,0.327837501649128,0.566935228515424,0.711199996485867,Delftia,no_leaves,TRUE,6
18.3038112400458,-0.519138295200801,0.921781348930568,0.315697457855734,0.574204861029339,0.718715215809551,Gemmata,inoculate,TRUE,6
15.7635391105355,0.471428671894247,0.852232413714488,0.307539162775633,0.579194193805122,0.722328641495486,Prochlorococcus,inoculate,TRUE,6
105.162703166503,-0.399797876649538,0.72062861928211,0.306780893768483,0.579662308388726,0.722328641495486,Roseomonas,inoculate,TRUE,6
27.1034074876912,-0.433120653331641,0.788116005048307,0.300530354429426,0.583550127092004,0.725564538552447,Verrucomicrobium,inoculate,TRUE,6
289.305203942217,-0.422421525613245,0.627355998865958,0.297486572135242,0.585462421598947,0.726335278010173,Stenotrophomonas,height,TRUE,6
9.8974930029951,0.473499999340494,0.880662980346898,0.288994068184977,0.590865877234105,0.731424279747945,Sediminibacterium,inoculate,TRUE,6
29.7371235451835,-0.258665559216685,0.473793659633536,0.286357353832507,0.592564335792535,0.731914630143747,Rhodoferax,height,TRUE,6
29.7371235451835,-0.246931201354713,0.473444238888696,0.264793491272052,0.606845922555184,0.739799150707187,Rhodoferax,no_leaves,TRUE,6
36.6549879217222,0.253477323856819,0.501553092036694,0.271375878522349,0.602410311230975,0.739799150707187,Variovorax,no_leaves,TRUE,6
14.5678096440008,-0.226156632207009,0.430458686659643,0.271571306393192,0.602279669165472,0.739799150707187,Delftia,height,TRUE,6
157.140376977346,-0.228386291953785,0.446416298095488,0.265899099302828,0.606096052859152,0.739799150707187,Rubrivivax,height,TRUE,6
36.6549879217222,0.253120458551243,0.500625563961346,0.26831218264806,0.604466228004868,0.739799150707187,Variovorax,height,TRUE,6
16.6079955185527,0.420936167688436,0.818593115849129,0.265149768591968,0.606604064406085,0.739799150707187,Oscillatoria,inoculate,TRUE,6
23.2602003343144,-0.223026690531928,0.454539206183713,0.254230593997448,0.614111814304854,0.742145155968137,Devosia,height,TRUE,6
18.1825180081943,-0.231528940292372,0.47172525397392,0.253212026306272,0.614822417027941,0.742145155968137,Gemmobacter,height,TRUE,6
136.301680110945,0.241833275503586,0.517014916849,0.256791286395028,0.612333203782923,0.742145155968137,Merismopedia,height,TRUE,6
9.76764570968105,-0.303663229305337,0.569673457957002,0.25564194603318,0.613130131024844,0.742145155968137,Nitrospira,height,TRUE,6
23.9344699498675,-0.488549661686788,0.970972840643994,0.252424547270579,0.615373029681765,0.742145155968137,Tychonema,inoculate,TRUE,6
136.301680110945,0.239646320291024,0.517217364938869,0.245138338866354,0.62051931988579,0.745153542256013,Merismopedia,no_leaves,TRUE,6
19.0336145579453,0.221555890103544,0.772888464591444,0.246558726790504,0.619508675349317,0.745153542256013,Paenibacillus,no_leaves,TRUE,6
24.4923644839334,-0.500448837566121,1.01846241724921,0.240375715105635,0.623934885152039,0.747657580928457,Aquiflexum,inoculate,TRUE,6
23.2602003343144,-0.211142841875021,0.453348155401431,0.230277413758465,0.631318206638963,0.754895387512973,Devosia,no_leaves,TRUE,6
105.162703166503,-0.187673080892264,0.40887951653878,0.205145889647497,0.650598905518671,0.776298481744146,Roseomonas,no_leaves,TRUE,6
23.1909605868148,-0.204840032518599,0.490172352761065,0.199802769406872,0.654880091979703,0.779751295958883,Mitsuaria,no_leaves,TRUE,6
101.775366606501,0.194591020217332,0.498678522012238,0.184702066303046,0.667363115651616,0.792934610985641,Calothrix,height,TRUE,6
17.4859231754379,-0.236849880980467,0.539126460654622,0.180633409371239,0.670829462727806,0.795371641462082,Algoriphagus,no_leaves,TRUE,6
16.6899999884469,0.195101579597748,0.473499337427526,0.175011839089045,0.675695504431114,0.799212665323505,Lysobacter,height,TRUE,6
13.5652142364935,-0.320189726943299,0.767399982280545,0.173621387153169,0.676913218316706,0.799212665323505,Rhodopirellula,inoculate,TRUE,6
101.775366606501,0.188495643874002,0.498077111813686,0.169599166245078,0.680468287226083,0.79945326523941,Calothrix,no_leaves,TRUE,6
36.0454517755749,0.175067904305616,0.441486823205438,0.168571442997177,0.68138454457238,0.79945326523941,Limnolyngbya,no_leaves,TRUE,6
136.301680110945,0.378334139801155,0.92032909744241,0.168583375023047,0.681373887977754,0.79945326523941,Merismopedia,inoculate,TRUE,6
642.791075103439,0.20537374187986,0.476398953481847,0.162896706803423,0.68650347183101,0.79963492136121,Flavobacterium,no_leaves,TRUE,6
270.14008583597,-0.196447478549047,0.489661772879933,0.161745979471078,0.687554097024451,0.79963492136121,Limnobacter,no_leaves,TRUE,6
16.6899999884469,0.188872207957173,0.474610006817554,0.166174031382887,0.683534695296143,0.79963492136121,Lysobacter,no_leaves,TRUE,6
43.277127852027,-0.205334215648482,0.490810466422398,0.159002668525297,0.690076400107094,0.79963492136121,Reyranella,no_leaves,TRUE,6
13.5652142364935,-0.170114779145088,0.427186060059797,0.160142211140439,0.689025620221625,0.79963492136121,Rhodopirellula,no_leaves,TRUE,6
23.2602003343144,-0.320788233527851,0.794302096078754,0.162295276193234,0.687052043801038,0.79963492136121,Devosia,inoculate,TRUE,6
24.4923644839334,-0.252754805966635,0.578201562205094,0.155984608052535,0.692880624319932,0.801232326888481,Aquiflexum,no_leaves,TRUE,6
34.7962900718641,-0.180732014236756,0.473745668716667,0.149503195424991,0.699010575271461,0.803361847244501,Curvibacter,height,TRUE,6
36.0454517755749,0.165878202895166,0.442098130159844,0.15242604353832,0.696227641873124,0.803361847244501,Limnolyngbya,height,TRUE,6
23.1909605868148,-0.180004731462217,0.491271127011609,0.150985215297673,0.697595623700792,0.803361847244501,Mitsuaria,height,TRUE,6
39.8989397363282,0.178873990951833,0.507772113693023,0.141850450383572,0.706448300417617,0.807965640641959,Atelocyanobacterium,no_leaves,TRUE,6
39.8989397363282,0.176098017620386,0.506680846124525,0.140959142276415,0.707329350882284,0.807965640641959,Atelocyanobacterium,height,TRUE,6
105.162703166503,-0.159303148566734,0.413060005077826,0.143824245640438,0.704508409107284,0.807965640641959,Roseomonas,height,TRUE,6
13.5652142364935,-0.157525141877122,0.425504072341672,0.137581940918906,0.71069682253411,0.810165546174786,Rhodopirellula,height,TRUE,6
34.7962900718641,-0.169277811291017,0.473881123307417,0.132266701922113,0.716093325065289,0.814664875883993,Curvibacter,no_leaves,TRUE,6
27.1034074876912,-0.167683906867253,0.450090509881604,0.130021756680698,0.718409481909557,0.815648745117518,Verrucomicrobium,no_leaves,TRUE,6
27.1034074876912,-0.16215465318986,0.451466095439743,0.120067639233724,0.728961140922812,0.825960002416573,Verrucomicrobium,height,TRUE,6
9.92950371369257,0.147267885091736,0.452434419240107,0.114376104914648,0.735215968481615,0.831370974419855,Caldimonas,height,TRUE,6
24.3304311031336,0.281622217659525,0.847454988380608,0.110493090330507,0.739583456382507,0.834630326279054,Scytolyngbya,inoculate,TRUE,6
9.92950371369257,0.135436851579737,0.460516961562542,0.0941290502771395,0.758992121989611,0.836567189127396,Caldimonas,no_leaves,TRUE,6
233.878794956366,-0.166951185000089,0.516049430215366,0.104801841937331,0.746141603652333,0.836567189127396,Ideonella,no_leaves,TRUE,6
51.8059989640529,0.14418809729773,0.494557920309016,0.0968163453372313,0.755684120780436,0.836567189127396,Scytonema,no_leaves,TRUE,6
289.305203942217,0.243953755730614,0.633727884220952,0.0927970526213784,0.760650949544661,0.836567189127396,Stenotrophomonas,no_leaves,TRUE,6
39.6340264161811,-0.221520911657049,0.599261284016823,0.0941257998145204,0.758996154334235,0.836567189127396,Blastomonas,height,TRUE,6
18.3038112400458,0.14964339652119,0.522499764402934,0.0943475138686694,0.758721282523195,0.836567189127396,Gemmata,height,TRUE,6
233.878794956366,-0.160553671962621,0.515379536721806,0.0958514911621506,0.756865977809033,0.836567189127396,Ideonella,height,TRUE,6
46.5022844723844,-0.187497326203365,0.474879737002409,0.106608676449973,0.744038644680322,0.836567189127396,Oligoflexus,height,TRUE,6
51.8059989640529,0.141917998029917,0.493899573732615,0.0965607753148419,0.755996539376966,0.836567189127396,Scytonema,height,TRUE,6
101.775366606501,0.271939943328193,0.890581681810226,0.0932258373933905,0.760115542166298,0.836567189127396,Calothrix,inoculate,TRUE,6
21.4072813063273,0.253649276454996,0.807577401016243,0.0985555422474604,0.753569973954748,0.836567189127396,Filimonas,inoculate,TRUE,6
50.0824422407049,-0.297581691816402,0.963744281610147,0.0949751916359602,0.757945025320092,0.836567189127396,Rhizobium,inoculate,TRUE,6
28.3794653689455,-0.283024055899101,0.872072162507348,0.106165808966473,0.744552259611064,0.836567189127396,Snowella,inoculate,TRUE,6
4794.65651471041,0.146451887264952,0.449257266457834,0.0891999020899448,0.765196789092629,0.839923038027456,Pseudomonas,no_leaves,TRUE,6
270.14008583597,-0.145764422144669,0.490782469932941,0.0868008802776359,0.768284265330521,0.841668142525834,Limnobacter,height,TRUE,6
43.277127852027,-0.150939151562602,0.490925249646066,0.0837876833008622,0.772228603627535,0.842768105296307,Reyranella,height,TRUE,6
23.9344699498675,-0.144713558499777,0.550320729756081,0.0837431289502462,0.77228749862562,0.842768105296307,Tychonema,height,TRUE,6
16.6899999884469,0.237708721467336,0.842895453918305,0.0798304915394823,0.777527254865689,0.846841700066894,Lysobacter,inoculate,TRUE,6
71.141981052763,0.191585166854484,0.579145438565573,0.0745039846625772,0.784888437182009,0.849705037907878,Microbacterium,no_leaves,TRUE,6
23.9344699498675,-0.137124307316378,0.551456308225853,0.0737051902781332,0.78601649815131,0.849705037907878,Tychonema,no_leaves,TRUE,6
17.4859231754379,-0.152850437400311,0.538622887403652,0.0754805878690874,0.783518066787016,0.849705037907878,Algoriphagus,height,TRUE,6
63.7261974210968,-0.242584080682524,0.895407782387643,0.0735729013695945,0.786203949665652,0.849705037907878,Pseudanabaena,inoculate,TRUE,6
15.8446001832981,-0.135277989359911,0.488822537960926,0.0697928848809255,0.791638578295706,0.853936431866001,Thermostilla,no_leaves,TRUE,6
51.8059989640529,0.23032910012016,0.89317075216027,0.0666707511877362,0.796247310755448,0.857262430353566,Scytonema,inoculate,TRUE,6
24.4923644839334,-0.163590942654449,0.577341239979934,0.0652547387660647,0.798375502133439,0.857910195409164,Aquiflexum,height,TRUE,6
83.1585565668529,0.133044440986471,0.471457666095772,0.0608967072473732,0.805084230723533,0.861823500317382,Romboutsia,no_leaves,TRUE,6
36.0454517755749,0.195916141381892,0.793982835651025,0.0609362423606115,0.805022244121082,0.861823500317382,Limnolyngbya,inoculate,TRUE,6
642.791075103439,0.123094592605362,0.47873195855803,0.0578829693346279,0.809873833730747,0.86369517695396,Flavobacterium,height,TRUE,6
29.7371235451835,-0.203154528143477,0.843511111953157,0.0578627974334083,0.809906331414123,0.86369517695396,Rhodoferax,inoculate,TRUE,6
15.8446001832981,-0.118242057532508,0.487680874749522,0.0527106814642622,0.818411878745468,0.871112643664684,Thermostilla,height,TRUE,6
122.003263332116,-0.151796375731854,0.56100110986166,0.0493994886298594,0.824111521920438,0.87552112536727,Massilia,height,TRUE,6
63.7261974210968,-0.103369033196589,0.497900782745834,0.0483678376745687,0.825928092487374,0.875795449014914,Pseudanabaena,no_leaves,TRUE,6
63.7261974210968,-0.0944160720607616,0.497882865704559,0.0414554957121851,0.838661226562032,0.887622616436652,Pseudanabaena,height,TRUE,6
39.6340264161811,0.146191947879211,0.602650209208273,0.0402651543657626,0.840963038342916,0.888385766069021,Blastomonas,no_leaves,TRUE,6
83.1585565668529,0.107035632859653,0.473042581297883,0.038938822329321,0.843569912110796,0.888956180834549,Romboutsia,height,TRUE,6
12.7655582513084,0.0833467069941261,0.435896493306544,0.0379439622330935,0.845555707092388,0.888956180834549,Sphaerotilus,height,TRUE,6
39.8989397363282,0.177422243953626,0.91644005302645,0.037600113305416,0.846248321612961,0.888956180834549,Atelocyanobacterium,inoculate,TRUE,6
18.3038112400458,0.0909794373327666,0.524642901679654,0.0352842126865482,0.851001354114801,0.891394619238183,Gemmata,no_leaves,TRUE,6
12.7655582513084,0.0792131013657853,0.439236454940781,0.0341783578484112,0.853327945107015,0.891394619238183,Sphaerotilus,no_leaves,TRUE,6
24.3304311031336,-0.0907684587988218,0.483661170223286,0.0345757946437857,0.852487362037419,0.891394619238183,Scytolyngbya,height,TRUE,6
34.7962900718641,-0.137360141917362,0.849552728136283,0.0261166513958244,0.871615761360597,0.908809012773016,Curvibacter,inoculate,TRUE,6
86.8121697834153,0.0519165878362735,0.407975129994423,0.0171401735368661,0.895838209036981,0.932335321257006,Leptothrix,height,TRUE,6
86.8121697834153,0.0451904038058632,0.405076426352738,0.0132698817370382,0.908290583349639,0.941806841037818,Leptothrix,no_leaves,TRUE,6
122.003263332116,0.0792781017294399,0.562300212226378,0.0135092442681781,0.907470836223851,0.941806841037818,Massilia,no_leaves,TRUE,6
1208.06257957624,0.0784284448160082,0.597247250343333,0.0106630419273301,0.917755029023282,0.948121923365964,Exiguobacterium,height,TRUE,6
9.92950371369257,-0.0920499925320644,0.87588729894924,0.0110585107923171,0.916249283197867,0.948121923365964,Caldimonas,inoculate,TRUE,6
4794.65651471041,0.0488542924460932,0.440616778099818,0.0102267748214331,0.919449234109254,0.948129301962203,Pseudomonas,height,TRUE,6
52.2306644047619,-0.036528687546844,0.410305566084488,0.00723289060034205,0.932224500348969,0.959542434425129,Flavihumibacter,no_leaves,TRUE,6
509.774978428316,0.058199241372666,0.614494848969797,0.0054287141447702,0.941265165787885,0.960945198787712,Brevundimonas,no_leaves,TRUE,6
21.4072813063273,0.0356585624833256,0.462954609725552,0.00496124934673503,0.943846529770137,0.960945198787712,Filimonas,no_leaves,TRUE,6
21.4072813063273,0.0389118269016471,0.463806928555901,0.00587175479249424,0.938919979871477,0.960945198787712,Filimonas,height,TRUE,6
52.2306644047619,-0.0317835482643413,0.411424667735508,0.00544463313216426,0.941179268701846,0.960945198787712,Flavihumibacter,height,TRUE,6
19.0336145579453,0.0281062708218493,0.75086934953496,0.00513009997116853,0.942900569902476,0.960945198787712,Paenibacillus,height,TRUE,6
23.329442945548,0.0576749648797562,0.838067234845566,0.00507643872957431,0.943199479515414,0.960945198787712,Tepidisphaera,inoculate,TRUE,6
86.8121697834153,-0.048573457374256,0.721427627586817,0.00453444344228871,0.946312406020555,0.961713512085988,Leptothrix,inoculate,TRUE,6
23.329442945548,0.028669910698277,0.476886964782559,0.00331547377459884,0.954083060744925,0.967860433463263,Tepidisphaera,no_leaves,TRUE,6
28.3794653689455,-0.0138514745992621,0.493268213882714,0.00140270157902478,0.970124087212718,0.982359886510896,Snowella,no_leaves,TRUE,6
24.3304311031336,-0.0170726938712287,0.48318173375164,0.00121116235946772,0.972237818805751,0.982729593828835,Scytolyngbya,no_leaves,TRUE,6
46.5022844723844,-0.0101974337377159,0.476056118605633,0.000582179576099406,0.980750191815144,0.985689113267703,Oligoflexus,no_leaves,TRUE,6
71.141981052763,0.0187164210848441,0.578588235973136,0.000742101557882791,0.978267083035346,0.985689113267703,Microbacterium,height,TRUE,6
28.3794653689455,0.00319716797751767,0.493308584823942,0.000498819020542385,0.982181322829028,0.985689113267703,Snowella,height,TRUE,6
12.7655582513084,0.0018082283364096,0.800677266261973,0.000542408430426633,0.981419216734355,0.985689113267703,Sphaerotilus,inoculate,TRUE,6
23.329442945548,0.00384270719454334,0.477721314033988,0.000319539582271489,0.985738038344113,0.987495147146865,Tepidisphaera,height,TRUE,6
52.2306644047619,-0.00633768882153377,0.740248364121992,7.42511340519059e-05,0.993124785811737,0.993124785811737,Flavihumibacter,inoculate,TRUE,6
72.3970849816641,2.79481544961419,0.984750395196719,6.84947438185757,,,Arthrospira,inoculate,TRUE,6
509.774978428316,1.46104541384871,1.05992330674173,1.794907255841,,,Brevundimonas,inoculate,TRUE,6
61.9166239335138,2.37632714293195,1.01646197435693,4.83106928242724,,,Chamaesiphon,inoculate,TRUE,6
153.992766776164,3.20037902753615,0.963600802756772,8.99262014239653,,,Chlorogloea,inoculate,TRUE,6
344.09480466152,2.31000827743281,1.07614864559848,4.03929285845662,,,Chryseobacterium,inoculate,TRUE,6
68.0974152618488,3.14656627118109,1.02985418949822,7.64878541729847,,,Chrysosporum,inoculate,TRUE,6
59.4985401686094,2.70814549603446,0.949118808201957,7.02219921577102,,,Ferruginibacter,inoculate,TRUE,6
23.8044809412766,3.56856844588735,1.0660444073959,9.07114270980659,,,Microseira,inoculate,TRUE,6
105.967978465212,3.00428457197489,1.00817735422206,7.36465507486072,,,Nodosilinea,inoculate,TRUE,6
423.832766342589,2.71848123037036,1.04896376750043,5.66832443575849,,,Richelia,inoculate,TRUE,6
4231.25838249848,6.87626161338897,1.26164245602682,17.9723902759534,,,Shewanella,inoculate,TRUE,6
119.853652401973,3.04473341856409,1.00901731952519,7.51416302048855,,,Stanieria,inoculate,TRUE,6
289.305203942217,1.81489165781852,1.08097307460743,2.58630072405884,,,Stenotrophomonas,inoculate,TRUE,6
203.281414423088,3.88463361020402,1.03915947718771,10.4765826342186,,,Synechocystis,inoculate,TRUE,6
